Country or Area,Subgroup,Year,Value
Afghanistan,Female,2000-2005,42
Afghanistan,Female,1995-2000,42
Afghanistan,Female,1990-1995,42
Afghanistan,Female,1985-1990,41
Afghanistan,Male,2000-2005,42
Afghanistan,Male,1995-2000,42
Afghanistan,Male,1990-1995,42
Afghanistan,Male,1985-1990,41
Albania,Female,2000-2005,79
Albania,Female,1995-2000,76
Albania,Female,1990-1995,75
Albania,Female,1985-1990,75
Albania,Male,2000-2005,73
Albania,Male,1995-2000,70
Albania,Male,1990-1995,69
Albania,Male,1985-1990,69
Algeria,Female,2000-2005,72
Algeria,Female,1995-2000,70
Algeria,Female,1990-1995,69
Algeria,Female,1985-1990,67
Algeria,Male,2000-2005,70
Algeria,Male,1995-2000,68
Algeria,Male,1990-1995,67
Algeria,Male,1985-1990,65
Angola,Female,2000-2005,43
Angola,Female,1995-2000,43
Angola,Female,1990-1995,42
Angola,Female,1985-1990,42
Angola,Male,2000-2005,39
Angola,Male,1995-2000,39
Angola,Male,1990-1995,39
Angola,Male,1985-1990,38
Argentina,Female,2000-2005,78
Argentina,Female,1995-2000,77
Argentina,Female,1990-1995,76
Argentina,Female,1985-1990,75
Argentina,Male,2000-2005,71
Argentina,Male,1995-2000,70
Argentina,Male,1990-1995,69
Argentina,Male,1985-1990,68
Armenia,Female,2000-2005,75
Armenia,Female,1995-2000,74
Armenia,Female,1990-1995,72
Armenia,Female,1985-1990,71
Armenia,Male,2000-2005,68
Armenia,Male,1995-2000,67
Armenia,Male,1990-1995,65
Armenia,Male,1985-1990,66
Aruba,Female,2000-2005,76
Aruba,Female,1995-2000,76
Aruba,Female,1990-1995,77
Aruba,Female,1985-1990,78
Aruba,Male,2000-2005,70
Aruba,Male,1995-2000,70
Aruba,Male,1990-1995,71
Aruba,Male,1985-1990,71
Australia,Female,2000-2005,83
Australia,Female,1995-2000,82
Australia,Female,1990-1995,81
Australia,Female,1985-1990,79
Australia,Male,2000-2005,78
Australia,Male,1995-2000,76
Australia,Male,1990-1995,75
Australia,Male,1985-1990,73
Austria,Female,2000-2005,82
Austria,Female,1995-2000,81
Austria,Female,1990-1995,79
Austria,Female,1985-1990,78
Austria,Male,2000-2005,76
Austria,Male,1995-2000,74
Austria,Male,1990-1995,73
Austria,Male,1985-1990,72
Azerbaijan,Female,2000-2005,70
Azerbaijan,Female,1995-2000,70
Azerbaijan,Female,1990-1995,69
Azerbaijan,Female,1985-1990,70
Azerbaijan,Male,2000-2005,63
Azerbaijan,Male,1995-2000,63
Azerbaijan,Male,1990-1995,62
Azerbaijan,Male,1985-1990,62
Bahamas,Female,2000-2005,74
Bahamas,Female,1995-2000,72
Bahamas,Female,1990-1995,73
Bahamas,Female,1985-1990,73
Bahamas,Male,2000-2005,68
Bahamas,Male,1995-2000,65
Bahamas,Male,1990-1995,66
Bahamas,Male,1985-1990,66
Bahrain,Female,2000-2005,77
Bahrain,Female,1995-2000,76
Bahrain,Female,1990-1995,75
Bahrain,Female,1985-1990,73
Bahrain,Male,2000-2005,73
Bahrain,Male,1995-2000,73
Bahrain,Male,1990-1995,71
Bahrain,Male,1985-1990,69
Bangladesh,Female,2000-2005,63
Bangladesh,Female,1995-2000,60
Bangladesh,Female,1990-1995,57
Bangladesh,Female,1985-1990,53
Bangladesh,Male,2000-2005,61
Bangladesh,Male,1995-2000,59
Bangladesh,Male,1990-1995,55
Bangladesh,Male,1985-1990,53
Barbados,Female,2000-2005,79
Barbados,Female,1995-2000,78
Barbados,Female,1990-1995,77
Barbados,Female,1985-1990,77
Barbados,Male,2000-2005,73
Barbados,Male,1995-2000,71
Barbados,Male,1990-1995,72
Barbados,Male,1985-1990,72
Belarus,Female,2000-2005,75
Belarus,Female,1995-2000,74
Belarus,Female,1990-1995,75
Belarus,Female,1985-1990,76
Belarus,Male,2000-2005,63
Belarus,Male,1995-2000,62
Belarus,Male,1990-1995,64
Belarus,Male,1985-1990,67
Belgium,Female,2000-2005,81
Belgium,Female,1995-2000,81
Belgium,Female,1990-1995,80
Belgium,Female,1985-1990,79
Belgium,Male,2000-2005,75
Belgium,Male,1995-2000,74
Belgium,Male,1990-1995,73
Belgium,Male,1985-1990,72
Belize,Female,2000-2005,79
Belize,Female,1995-2000,77
Belize,Female,1990-1995,75
Belize,Female,1985-1990,74
Belize,Male,2000-2005,73
Belize,Male,1995-2000,72
Belize,Male,1990-1995,71
Belize,Male,1985-1990,70
Benin,Female,2000-2005,56
Benin,Female,1995-2000,56
Benin,Female,1990-1995,55
Benin,Female,1985-1990,54
Benin,Male,2000-2005,53
Benin,Male,1995-2000,53
Benin,Male,1990-1995,53
Benin,Male,1985-1990,51
Bhutan,Female,2000-2005,65
Bhutan,Female,1995-2000,61
Bhutan,Female,1990-1995,56
Bhutan,Female,1985-1990,52
Bhutan,Male,2000-2005,62
Bhutan,Male,1995-2000,57
Bhutan,Male,1990-1995,53
Bhutan,Male,1985-1990,49
Bolivia,Female,2000-2005,66
Bolivia,Female,1995-2000,64
Bolivia,Female,1990-1995,62
Bolivia,Female,1985-1990,59
Bolivia,Male,2000-2005,62
Bolivia,Male,1995-2000,60
Bolivia,Male,1990-1995,58
Bolivia,Male,1985-1990,56
Bosnia and Herzegovina,Female,2000-2005,77
Bosnia and Herzegovina,Female,1995-2000,76
Bosnia and Herzegovina,Female,1990-1995,75
Bosnia and Herzegovina,Female,1985-1990,75
Bosnia and Herzegovina,Male,2000-2005,71
Bosnia and Herzegovina,Male,1995-2000,71
Bosnia and Herzegovina,Male,1990-1995,70
Bosnia and Herzegovina,Male,1985-1990,69
Botswana,Female,2000-2005,47
Botswana,Female,1995-2000,55
Botswana,Female,1990-1995,65
Botswana,Female,1985-1990,66
Botswana,Male,2000-2005,46
Botswana,Male,1995-2000,50
Botswana,Male,1990-1995,60
Botswana,Male,1985-1990,61
Brazil,Female,2000-2005,75
Brazil,Female,1995-2000,73
Brazil,Female,1990-1995,71
Brazil,Female,1985-1990,69
Brazil,Male,2000-2005,67
Brazil,Male,1995-2000,66
Brazil,Male,1990-1995,64
Brazil,Male,1985-1990,62
Brunei,Female,2000-2005,79
Brunei,Female,1995-2000,78
Brunei,Female,1990-1995,77
Brunei,Female,1985-1990,75
Brunei,Male,2000-2005,74
Brunei,Male,1995-2000,73
Brunei,Male,1990-1995,72
Brunei,Male,1985-1990,72
Bulgaria,Female,2000-2005,76
Bulgaria,Female,1995-2000,75
Bulgaria,Female,1990-1995,75
Bulgaria,Female,1985-1990,75
Bulgaria,Male,2000-2005,69
Bulgaria,Male,1995-2000,68
Bulgaria,Male,1990-1995,68
Bulgaria,Male,1985-1990,68
Burkina Faso,Female,2000-2005,52
Burkina Faso,Female,1995-2000,52
Burkina Faso,Female,1990-1995,52
Burkina Faso,Female,1985-1990,51
Burkina Faso,Male,2000-2005,49
Burkina Faso,Male,1995-2000,48
Burkina Faso,Male,1990-1995,49
Burkina Faso,Male,1985-1990,48
Burundi,Female,2000-2005,49
Burundi,Female,1995-2000,47
Burundi,Female,1990-1995,47
Burundi,Female,1985-1990,50
Burundi,Male,2000-2005,46
Burundi,Male,1995-2000,44
Burundi,Male,1990-1995,43
Burundi,Male,1985-1990,46
Cambodia,Female,2000-2005,60
Cambodia,Female,1995-2000,58
Cambodia,Female,1990-1995,57
Cambodia,Female,1985-1990,56
Cambodia,Male,2000-2005,54
Cambodia,Male,1995-2000,54
Cambodia,Male,1990-1995,54
Cambodia,Male,1985-1990,52
Cameroon,Female,2000-2005,50
Cameroon,Female,1995-2000,53
Cameroon,Female,1990-1995,56
Cameroon,Female,1985-1990,57
Cameroon,Male,2000-2005,49
Cameroon,Male,1995-2000,51
Cameroon,Male,1990-1995,53
Cameroon,Male,1985-1990,53
Canada,Female,2000-2005,82
Canada,Female,1995-2000,81
Canada,Female,1990-1995,81
Canada,Female,1985-1990,80
Canada,Male,2000-2005,77
Canada,Male,1995-2000,76
Canada,Male,1990-1995,75
Canada,Male,1985-1990,74
Cape Verde,Female,2000-2005,73
Cape Verde,Female,1995-2000,71
Cape Verde,Female,1990-1995,69
Cape Verde,Female,1985-1990,67
Cape Verde,Male,2000-2005,67
Cape Verde,Male,1995-2000,66
Cape Verde,Male,1990-1995,64
Cape Verde,Male,1985-1990,62
Central African Republic,Female,2000-2005,45
Central African Republic,Female,1995-2000,49
Central African Republic,Female,1990-1995,52
Central African Republic,Female,1985-1990,53
Central African Republic,Male,2000-2005,42
Central African Republic,Male,1995-2000,44
Central African Republic,Male,1990-1995,47
Central African Republic,Male,1985-1990,48
Chad,Female,2000-2005,52
Chad,Female,1995-2000,53
Chad,Female,1990-1995,53
Chad,Female,1985-1990,53
Chad,Male,2000-2005,49
Chad,Male,1995-2000,50
Chad,Male,1990-1995,50
Chad,Male,1985-1990,49
Channel Islands,Female,2000-2005,81
Channel Islands,Female,1995-2000,80
Channel Islands,Female,1990-1995,79
Channel Islands,Female,1985-1990,78
Channel Islands,Male,2000-2005,76
Channel Islands,Male,1995-2000,75
Channel Islands,Male,1990-1995,74
Channel Islands,Male,1985-1990,73
Chile,Female,2000-2005,81
Chile,Female,1995-2000,79
Chile,Female,1990-1995,77
Chile,Female,1985-1990,76
Chile,Male,2000-2005,75
Chile,Male,1995-2000,73
Chile,Male,1990-1995,71
Chile,Male,1985-1990,70
China,Female,2000-2005,74
China,Female,1995-2000,72
China,Female,1990-1995,70
China,Female,1985-1990,69
China,Male,2000-2005,70
China,Male,1995-2000,69
China,Male,1990-1995,67
China,Male,1985-1990,66
Colombia,Female,2000-2005,75
Colombia,Female,1995-2000,74
Colombia,Female,1990-1995,73
Colombia,Female,1985-1990,72
Colombia,Male,2000-2005,68
Colombia,Male,1995-2000,67
Colombia,Male,1990-1995,65
Colombia,Male,1985-1990,64
Comoros,Female,2000-2005,65
Comoros,Female,1995-2000,63
Comoros,Female,1990-1995,60
Comoros,Female,1985-1990,57
Comoros,Male,2000-2005,61
Comoros,Male,1995-2000,59
Comoros,Male,1990-1995,56
Comoros,Male,1985-1990,53
Congo,Female,2000-2005,54
Congo,Female,1995-2000,55
Congo,Female,1990-1995,59
Congo,Female,1985-1990,60
Congo,Male,2000-2005,52
Congo,Male,1995-2000,51
Congo,Male,1990-1995,54
Congo,Male,1985-1990,55
Congo Dem. Rep.,Female,2000-2005,46
Congo Dem. Rep.,Female,1995-2000,44
Congo Dem. Rep.,Female,1990-1995,48
Congo Dem. Rep.,Female,1985-1990,49
Congo Dem. Rep.,Male,2000-2005,44
Congo Dem. Rep.,Male,1995-2000,41
Congo Dem. Rep.,Male,1990-1995,44
Congo Dem. Rep.,Male,1985-1990,46
Costa Rica,Female,2000-2005,81
Costa Rica,Female,1995-2000,80
Costa Rica,Female,1990-1995,79
Costa Rica,Female,1985-1990,78
Costa Rica,Male,2000-2005,76
Costa Rica,Male,1995-2000,75
Costa Rica,Male,1990-1995,74
Costa Rica,Male,1985-1990,73
Côte d’Ivoire,Female,2000-2005,48
Côte d’Ivoire,Female,1995-2000,50
Côte d’Ivoire,Female,1990-1995,55
Côte d’Ivoire,Female,1985-1990,57
Côte d’Ivoire,Male,2000-2005,46
Côte d’Ivoire,Male,1995-2000,46
Côte d’Ivoire,Male,1990-1995,50
Côte d’Ivoire,Male,1985-1990,53
Croatia,Female,2000-2005,78
Croatia,Female,1995-2000,78
Croatia,Female,1990-1995,77
Croatia,Female,1985-1990,76
Croatia,Male,2000-2005,71
Croatia,Male,1995-2000,70
Croatia,Male,1990-1995,68
Croatia,Male,1985-1990,67
Cuba,Female,2000-2005,79
Cuba,Female,1995-2000,78
Cuba,Female,1990-1995,77
Cuba,Female,1985-1990,77
Cuba,Male,2000-2005,75
Cuba,Male,1995-2000,74
Cuba,Male,1990-1995,73
Cuba,Male,1985-1990,73
Cyprus,Female,2000-2005,81
Cyprus,Female,1995-2000,80
Cyprus,Female,1990-1995,79
Cyprus,Female,1985-1990,78
Cyprus,Male,2000-2005,77
Cyprus,Male,1995-2000,75
Cyprus,Male,1990-1995,75
Cyprus,Male,1985-1990,74
Czech Republic,Female,2000-2005,79
Czech Republic,Female,1995-2000,78
Czech Republic,Female,1990-1995,76
Czech Republic,Female,1985-1990,75
Czech Republic,Male,2000-2005,72
Czech Republic,Male,1995-2000,71
Czech Republic,Male,1990-1995,69
Czech Republic,Male,1985-1990,68
Denmark,Female,2000-2005,80
Denmark,Female,1995-2000,79
Denmark,Female,1990-1995,78
Denmark,Female,1985-1990,78
Denmark,Male,2000-2005,75
Denmark,Male,1995-2000,74
Denmark,Male,1990-1995,73
Denmark,Male,1985-1990,72
Djibouti,Female,2000-2005,55
Djibouti,Female,1995-2000,55
Djibouti,Female,1990-1995,53
Djibouti,Female,1985-1990,52
Djibouti,Male,2000-2005,52
Djibouti,Male,1995-2000,52
Djibouti,Male,1990-1995,50
Djibouti,Male,1985-1990,49
Dominican Republic,Female,2000-2005,74
Dominican Republic,Female,1995-2000,73
Dominican Republic,Female,1990-1995,72
Dominican Republic,Female,1985-1990,69
Dominican Republic,Male,2000-2005,68
Dominican Republic,Male,1995-2000,67
Dominican Republic,Male,1990-1995,66
Dominican Republic,Male,1985-1990,64
Ecuador,Female,2000-2005,77
Ecuador,Female,1995-2000,75
Ecuador,Female,1990-1995,73
Ecuador,Female,1985-1990,70
Ecuador,Male,2000-2005,71
Ecuador,Male,1995-2000,70
Ecuador,Male,1990-1995,68
Ecuador,Male,1985-1990,65
Egypt,Female,2000-2005,72
Egypt,Female,1995-2000,69
Egypt,Female,1990-1995,65
Egypt,Female,1985-1990,61
Egypt,Male,2000-2005,68
Egypt,Male,1995-2000,65
Egypt,Male,1990-1995,62
Egypt,Male,1985-1990,59
El Salvador,Female,2000-2005,74
El Salvador,Female,1995-2000,73
El Salvador,Female,1990-1995,71
El Salvador,Female,1985-1990,68
El Salvador,Male,2000-2005,68
El Salvador,Male,1995-2000,67
El Salvador,Male,1990-1995,63
El Salvador,Male,1985-1990,59
Equatorial Guinea,Female,2000-2005,51
Equatorial Guinea,Female,1995-2000,50
Equatorial Guinea,Female,1990-1995,49
Equatorial Guinea,Female,1985-1990,47
Equatorial Guinea,Male,2000-2005,48
Equatorial Guinea,Male,1995-2000,47
Equatorial Guinea,Male,1990-1995,46
Equatorial Guinea,Male,1985-1990,44
Eritrea,Female,2000-2005,58
Eritrea,Female,1995-2000,56
Eritrea,Female,1990-1995,52
Eritrea,Female,1985-1990,49
Eritrea,Male,2000-2005,52
Eritrea,Male,1995-2000,51
Eritrea,Male,1990-1995,48
Eritrea,Male,1985-1990,44
Estonia,Female,2000-2005,77
Estonia,Female,1995-2000,75
Estonia,Female,1990-1995,74
Estonia,Female,1985-1990,75
Estonia,Male,2000-2005,65
Estonia,Male,1995-2000,64
Estonia,Male,1990-1995,63
Estonia,Male,1985-1990,66
Ethiopia,Female,2000-2005,52
Ethiopia,Female,1995-2000,51
Ethiopia,Female,1990-1995,50
Ethiopia,Female,1985-1990,48
Ethiopia,Male,2000-2005,49
Ethiopia,Male,1995-2000,48
Ethiopia,Male,1990-1995,47
Ethiopia,Male,1985-1990,45
Federated States of Micronesia,Female,2000-2005,68
Federated States of Micronesia,Female,1995-2000,68
Federated States of Micronesia,Female,1990-1995,67
Federated States of Micronesia,Female,1985-1990,66
Federated States of Micronesia,Male,2000-2005,67
Federated States of Micronesia,Male,1995-2000,67
Federated States of Micronesia,Male,1990-1995,66
Federated States of Micronesia,Male,1985-1990,65
Fiji,Female,2000-2005,70
Fiji,Female,1995-2000,69
Fiji,Female,1990-1995,69
Fiji,Female,1985-1990,69
Fiji,Male,2000-2005,66
Fiji,Male,1995-2000,65
Fiji,Male,1990-1995,65
Fiji,Male,1985-1990,65
Finland,Female,2000-2005,82
Finland,Female,1995-2000,81
Finland,Female,1990-1995,80
Finland,Female,1985-1990,79
Finland,Male,2000-2005,75
Finland,Male,1995-2000,73
Finland,Male,1990-1995,72
Finland,Male,1985-1990,71
France,Female,2000-2005,83
France,Female,1995-2000,82
France,Female,1990-1995,81
France,Female,1985-1990,80
France,Male,2000-2005,76
France,Male,1995-2000,75
France,Male,1990-1995,73
France,Male,1985-1990,72
French Guiana,Female,2000-2005,79
French Guiana,Female,1995-2000,78
French Guiana,Female,1990-1995,76
French Guiana,Female,1985-1990,75
French Guiana,Male,2000-2005,72
French Guiana,Male,1995-2000,72
French Guiana,Male,1990-1995,70
French Guiana,Male,1985-1990,68
French Polynesia,Female,2000-2005,76
French Polynesia,Female,1995-2000,75
French Polynesia,Female,1990-1995,73
French Polynesia,Female,1985-1990,71
French Polynesia,Male,2000-2005,71
French Polynesia,Male,1995-2000,69
French Polynesia,Male,1990-1995,68
French Polynesia,Male,1985-1990,66
Gabon,Female,2000-2005,58
Gabon,Female,1995-2000,62
Gabon,Female,1990-1995,63
Gabon,Female,1985-1990,62
Gabon,Male,2000-2005,56
Gabon,Male,1995-2000,59
Gabon,Male,1990-1995,60
Gabon,Male,1985-1990,59
Gambia The,Female,2000-2005,59
Gambia The,Female,1995-2000,57
Gambia The,Female,1990-1995,54
Gambia The,Female,1985-1990,50
Gambia The,Male,2000-2005,57
Gambia The,Male,1995-2000,55
Gambia The,Male,1990-1995,52
Gambia The,Male,1985-1990,48
Georgia,Female,2000-2005,74
Georgia,Female,1995-2000,74
Georgia,Female,1990-1995,74
Georgia,Female,1985-1990,74
Georgia,Male,2000-2005,67
Georgia,Male,1995-2000,67
Georgia,Male,1990-1995,67
Georgia,Male,1985-1990,67
Germany,Female,2000-2005,81
Germany,Female,1995-2000,80
Germany,Female,1990-1995,79
Germany,Female,1985-1990,78
Germany,Male,2000-2005,76
Germany,Male,1995-2000,74
Germany,Male,1990-1995,73
Germany,Male,1985-1990,72
Ghana,Female,2000-2005,59
Ghana,Female,1995-2000,59
Ghana,Female,1990-1995,59
Ghana,Female,1985-1990,57
Ghana,Male,2000-2005,58
Ghana,Male,1995-2000,58
Ghana,Male,1990-1995,56
Ghana,Male,1985-1990,55
Greece,Female,2000-2005,80
Greece,Female,1995-2000,80
Greece,Female,1990-1995,80
Greece,Female,1985-1990,79
Greece,Male,2000-2005,76
Greece,Male,1995-2000,75
Greece,Male,1990-1995,75
Greece,Male,1985-1990,74
Grenada,Female,2000-2005,69
Grenada,Female,1995-2000,69
Grenada,Female,1990-1995,68
Grenada,Female,1985-1990,68
Grenada,Male,2000-2005,66
Grenada,Male,1995-2000,65
Grenada,Male,1990-1995,65
Grenada,Male,1985-1990,64
Guadeloupe,Female,2000-2005,82
Guadeloupe,Female,1995-2000,81
Guadeloupe,Female,1990-1995,80
Guadeloupe,Female,1985-1990,77
Guadeloupe,Male,2000-2005,75
Guadeloupe,Male,1995-2000,74
Guadeloupe,Male,1990-1995,72
Guadeloupe,Male,1985-1990,70
Guam,Female,2000-2005,77
Guam,Female,1995-2000,76
Guam,Female,1990-1995,75
Guam,Female,1985-1990,74
Guam,Male,2000-2005,72
Guam,Male,1995-2000,71
Guam,Male,1990-1995,70
Guam,Male,1985-1990,69
Guatemala,Female,2000-2005,73
Guatemala,Female,1995-2000,70
Guatemala,Female,1990-1995,67
Guatemala,Female,1985-1990,64
Guatemala,Male,2000-2005,66
Guatemala,Male,1995-2000,63
Guatemala,Male,1990-1995,61
Guatemala,Male,1985-1990,58
Guinea,Female,2000-2005,55
Guinea,Female,1995-2000,53
Guinea,Female,1990-1995,50
Guinea,Female,1985-1990,47
Guinea,Male,2000-2005,52
Guinea,Male,1995-2000,50
Guinea,Male,1990-1995,47
Guinea,Male,1985-1990,44
Guinea-Bissau,Female,2000-2005,47
Guinea-Bissau,Female,1995-2000,47
Guinea-Bissau,Female,1990-1995,45
Guinea-Bissau,Female,1985-1990,43
Guinea-Bissau,Male,2000-2005,44
Guinea-Bissau,Male,1995-2000,43
Guinea-Bissau,Male,1990-1995,42
Guinea-Bissau,Male,1985-1990,40
Guyana,Female,2000-2005,66
Guyana,Female,1995-2000,66
Guyana,Female,1990-1995,66
Guyana,Female,1985-1990,65
Guyana,Male,2000-2005,61
Guyana,Male,1995-2000,59
Guyana,Male,1990-1995,59
Guyana,Male,1985-1990,59
Haiti,Female,2000-2005,60
Haiti,Female,1995-2000,58
Haiti,Female,1990-1995,57
Haiti,Female,1985-1990,55
Haiti,Male,2000-2005,56
Haiti,Male,1995-2000,55
Haiti,Male,1990-1995,54
Haiti,Male,1985-1990,52
Honduras,Female,2000-2005,73
Honduras,Female,1995-2000,72
Honduras,Female,1990-1995,69
Honduras,Female,1985-1990,67
Honduras,Male,2000-2005,65
Honduras,Male,1995-2000,64
Honduras,Male,1990-1995,64
Honduras,Male,1985-1990,63
Hong Kong SAR,Female,2000-2005,84
Hong Kong SAR,Female,1995-2000,83
Hong Kong SAR,Female,1990-1995,81
Hong Kong SAR,Female,1985-1990,80
Hong Kong SAR,Male,2000-2005,79
Hong Kong SAR,Male,1995-2000,77
Hong Kong SAR,Male,1990-1995,76
Hong Kong SAR,Male,1985-1990,74
Hungary,Female,2000-2005,77
Hungary,Female,1995-2000,75
Hungary,Female,1990-1995,74
Hungary,Female,1985-1990,74
Hungary,Male,2000-2005,68
Hungary,Male,1995-2000,66
Hungary,Male,1990-1995,65
Hungary,Male,1985-1990,66
Iceland,Female,2000-2005,83
Iceland,Female,1995-2000,81
Iceland,Female,1990-1995,81
Iceland,Female,1985-1990,80
Iceland,Male,2000-2005,79
Iceland,Male,1995-2000,77
Iceland,Male,1990-1995,76
Iceland,Male,1985-1990,75
India,Female,2000-2005,64
India,Female,1995-2000,63
India,Female,1990-1995,61
India,Female,1985-1990,59
India,Male,2000-2005,62
India,Male,1995-2000,61
India,Male,1990-1995,60
India,Male,1985-1990,58
Indonesia,Female,2000-2005,70
Indonesia,Female,1995-2000,68
Indonesia,Female,1990-1995,65
Indonesia,Female,1985-1990,62
Indonesia,Male,2000-2005,67
Indonesia,Male,1995-2000,64
Indonesia,Male,1990-1995,61
Indonesia,Male,1985-1990,59
Iran,Female,2000-2005,71
Iran,Female,1995-2000,69
Iran,Female,1990-1995,67
Iran,Female,1985-1990,64
Iran,Male,2000-2005,68
Iran,Male,1995-2000,67
Iran,Male,1990-1995,65
Iran,Male,1985-1990,62
Iraq,Female,2000-2005,59
Iraq,Female,1995-2000,60
Iraq,Female,1990-1995,61
Iraq,Female,1985-1990,67
Iraq,Male,2000-2005,55
Iraq,Male,1995-2000,57
Iraq,Male,1990-1995,58
Iraq,Male,1985-1990,64
Ireland,Female,2000-2005,80
Ireland,Female,1995-2000,79
Ireland,Female,1990-1995,78
Ireland,Female,1985-1990,77
Ireland,Male,2000-2005,75
Ireland,Male,1995-2000,74
Ireland,Male,1990-1995,73
Ireland,Male,1985-1990,72
Israel,Female,2000-2005,82
Israel,Female,1995-2000,80
Israel,Female,1990-1995,79
Israel,Female,1985-1990,77
Israel,Male,2000-2005,78
Israel,Male,1995-2000,76
Israel,Male,1990-1995,75
Israel,Male,1985-1990,74
Italy,Female,2000-2005,83
Italy,Female,1995-2000,82
Italy,Female,1990-1995,80
Italy,Female,1985-1990,80
Italy,Male,2000-2005,77
Italy,Male,1995-2000,75
Italy,Male,1990-1995,74
Italy,Male,1985-1990,73
Jamaica,Female,2000-2005,75
Jamaica,Female,1995-2000,74
Jamaica,Female,1990-1995,74
Jamaica,Female,1985-1990,73
Jamaica,Male,2000-2005,69
Jamaica,Male,1995-2000,70
Jamaica,Male,1990-1995,70
Jamaica,Male,1985-1990,70
Japan,Female,2000-2005,85
Japan,Female,1995-2000,84
Japan,Female,1990-1995,82
Japan,Female,1985-1990,81
Japan,Male,2000-2005,78
Japan,Male,1995-2000,77
Japan,Male,1990-1995,76
Japan,Male,1985-1990,76
Jordan,Female,2000-2005,73
Jordan,Female,1995-2000,72
Jordan,Female,1990-1995,70
Jordan,Female,1985-1990,68
Jordan,Male,2000-2005,70
Jordan,Male,1995-2000,68
Jordan,Male,1990-1995,66
Jordan,Male,1985-1990,64
Kazakhstan,Female,2000-2005,71
Kazakhstan,Female,1995-2000,69
Kazakhstan,Female,1990-1995,70
Kazakhstan,Female,1985-1990,72
Kazakhstan,Male,2000-2005,59
Kazakhstan,Male,1995-2000,57
Kazakhstan,Male,1990-1995,61
Kazakhstan,Male,1985-1990,62
Kenya,Female,2000-2005,52
Kenya,Female,1995-2000,56
Kenya,Female,1990-1995,61
Kenya,Female,1985-1990,61
Kenya,Male,2000-2005,50
Kenya,Male,1995-2000,52
Kenya,Male,1990-1995,57
Kenya,Male,1985-1990,58
Korea DPR,Female,2000-2005,69
Korea DPR,Female,1995-2000,71
Korea DPR,Female,1990-1995,74
Korea DPR,Female,1985-1990,73
Korea DPR,Male,2000-2005,64
Korea DPR,Male,1995-2000,64
Korea DPR,Male,1990-1995,66
Korea DPR,Male,1985-1990,67
Korea Rep,Female,2000-2005,81
Korea Rep,Female,1995-2000,78
Korea Rep,Female,1990-1995,77
Korea Rep,Female,1985-1990,74
Korea Rep,Male,2000-2005,73
Korea Rep,Male,1995-2000,71
Korea Rep,Male,1990-1995,68
Korea Rep,Male,1985-1990,66
Kuwait,Female,2000-2005,79
Kuwait,Female,1995-2000,78
Kuwait,Female,1990-1995,77
Kuwait,Female,1985-1990,76
Kuwait,Male,2000-2005,75
Kuwait,Male,1995-2000,75
Kuwait,Male,1990-1995,74
Kuwait,Male,1985-1990,73
Kyrgyzstan,Female,2000-2005,69
Kyrgyzstan,Female,1995-2000,69
Kyrgyzstan,Female,1990-1995,70
Kyrgyzstan,Female,1985-1990,70
Kyrgyzstan,Male,2000-2005,61
Kyrgyzstan,Male,1995-2000,61
Kyrgyzstan,Male,1990-1995,62
Kyrgyzstan,Male,1985-1990,62
Lao PDR,Female,2000-2005,63
Lao PDR,Female,1995-2000,61
Lao PDR,Female,1990-1995,57
Lao PDR,Female,1985-1990,54
Lao PDR,Male,2000-2005,61
Lao PDR,Male,1995-2000,58
Lao PDR,Male,1990-1995,55
Lao PDR,Male,1985-1990,51
Latvia,Female,2000-2005,77
Latvia,Female,1995-2000,76
Latvia,Female,1990-1995,74
Latvia,Female,1985-1990,75
Latvia,Male,2000-2005,66
Latvia,Male,1995-2000,64
Latvia,Male,1990-1995,62
Latvia,Male,1985-1990,66
Lebanon,Female,2000-2005,73
Lebanon,Female,1995-2000,72
Lebanon,Female,1990-1995,72
Lebanon,Female,1985-1990,71
Lebanon,Male,2000-2005,69
Lebanon,Male,1995-2000,68
Lebanon,Male,1990-1995,67
Lebanon,Male,1985-1990,66
Lesotho,Female,2000-2005,46
Lesotho,Female,1995-2000,58
Lesotho,Female,1990-1995,62
Lesotho,Female,1985-1990,59
Lesotho,Male,2000-2005,43
Lesotho,Male,1995-2000,53
Lesotho,Male,1990-1995,58
Lesotho,Male,1985-1990,55
Liberia,Female,2000-2005,45
Liberia,Female,1995-2000,44
Liberia,Female,1990-1995,42
Liberia,Female,1985-1990,47
Liberia,Male,2000-2005,43
Liberia,Male,1995-2000,41
Liberia,Male,1990-1995,40
Liberia,Male,1985-1990,45
Libya,Female,2000-2005,76
Libya,Female,1995-2000,75
Libya,Female,1990-1995,72
Libya,Female,1985-1990,69
Libya,Male,2000-2005,70
Libya,Male,1995-2000,69
Libya,Male,1990-1995,67
Libya,Male,1985-1990,65
Lithuania,Female,2000-2005,78
Lithuania,Female,1995-2000,76
Lithuania,Female,1990-1995,75
Lithuania,Female,1985-1990,76
Lithuania,Male,2000-2005,66
Lithuania,Male,1995-2000,66
Lithuania,Male,1990-1995,64
Lithuania,Male,1985-1990,67
Luxembourg,Female,2000-2005,81
Luxembourg,Female,1995-2000,80
Luxembourg,Female,1990-1995,79
Luxembourg,Female,1985-1990,78
Luxembourg,Male,2000-2005,75
Luxembourg,Male,1995-2000,74
Luxembourg,Male,1990-1995,72
Luxembourg,Male,1985-1990,70
Macau SAR,Female,2000-2005,82
Macau SAR,Female,1995-2000,81
Macau SAR,Female,1990-1995,80
Macau SAR,Female,1985-1990,79
Macau SAR,Male,2000-2005,78
Macau SAR,Male,1995-2000,77
Macau SAR,Male,1990-1995,75
Macau SAR,Male,1985-1990,74
Macedonia,Female,2000-2005,76
Macedonia,Female,1995-2000,75
Macedonia,Female,1990-1995,74
Macedonia,Female,1985-1990,73
Macedonia,Male,2000-2005,71
Macedonia,Male,1995-2000,70
Macedonia,Male,1990-1995,69
Macedonia,Male,1985-1990,69
Madagascar,Female,2000-2005,59
Madagascar,Female,1995-2000,56
Madagascar,Female,1990-1995,54
Madagascar,Female,1985-1990,50
Madagascar,Male,2000-2005,56
Madagascar,Male,1995-2000,54
Madagascar,Male,1990-1995,51
Madagascar,Male,1985-1990,48
Malawi,Female,2000-2005,46
Malawi,Female,1995-2000,49
Malawi,Female,1990-1995,51
Malawi,Female,1985-1990,49
Malawi,Male,2000-2005,44
Malawi,Male,1995-2000,46
Malawi,Male,1990-1995,48
Malawi,Male,1985-1990,46
Malaysia,Female,2000-2005,75
Malaysia,Female,1995-2000,75
Malaysia,Female,1990-1995,73
Malaysia,Female,1985-1990,72
Malaysia,Male,2000-2005,71
Malaysia,Male,1995-2000,70
Malaysia,Male,1990-1995,69
Malaysia,Male,1985-1990,68
Maldives,Female,2000-2005,66
Maldives,Female,1995-2000,63
Maldives,Female,1990-1995,60
Maldives,Female,1985-1990,58
Maldives,Male,2000-2005,66
Maldives,Male,1995-2000,64
Maldives,Male,1990-1995,62
Maldives,Male,1985-1990,61
Mali,Female,2000-2005,54
Mali,Female,1995-2000,52
Mali,Female,1990-1995,50
Mali,Female,1985-1990,48
Mali,Male,2000-2005,50
Mali,Male,1995-2000,48
Mali,Male,1990-1995,47
Mali,Male,1985-1990,45
Malta,Female,2000-2005,81
Malta,Female,1995-2000,80
Malta,Female,1990-1995,78
Malta,Female,1985-1990,77
Malta,Male,2000-2005,76
Malta,Male,1995-2000,75
Malta,Male,1990-1995,74
Malta,Male,1985-1990,73
Martinique,Female,2000-2005,82
Martinique,Female,1995-2000,81
Martinique,Female,1990-1995,80
Martinique,Female,1985-1990,79
Martinique,Male,2000-2005,76
Martinique,Male,1995-2000,75
Martinique,Male,1990-1995,74
Martinique,Male,1985-1990,72
Mauritania,Female,2000-2005,64
Mauritania,Female,1995-2000,62
Mauritania,Female,1990-1995,60
Mauritania,Female,1985-1990,58
Mauritania,Male,2000-2005,61
Mauritania,Male,1995-2000,59
Mauritania,Male,1990-1995,57
Mauritania,Male,1985-1990,54
Mauritius,Female,2000-2005,75
Mauritius,Female,1995-2000,75
Mauritius,Female,1990-1995,74
Mauritius,Female,1985-1990,73
Mauritius,Male,2000-2005,69
Mauritius,Male,1995-2000,67
Mauritius,Male,1990-1995,66
Mauritius,Male,1985-1990,65
Mexico,Female,2000-2005,77
Mexico,Female,1995-2000,76
Mexico,Female,1990-1995,75
Mexico,Female,1985-1990,73
Mexico,Male,2000-2005,72
Mexico,Male,1995-2000,71
Mexico,Male,1990-1995,69
Mexico,Male,1985-1990,67
Mongolia,Female,2000-2005,68
Mongolia,Female,1995-2000,66
Mongolia,Female,1990-1995,63
Mongolia,Female,1985-1990,62
Mongolia,Male,2000-2005,62
Mongolia,Male,1995-2000,61
Mongolia,Male,1990-1995,59
Mongolia,Male,1985-1990,59
Montenegro,Female,2000-2005,77
Montenegro,Female,1995-2000,79
Montenegro,Female,1990-1995,79
Montenegro,Female,1985-1990,77
Montenegro,Male,2000-2005,72
Montenegro,Male,1995-2000,72
Montenegro,Male,1990-1995,73
Montenegro,Male,1985-1990,72
Morocco,Female,2000-2005,72
Morocco,Female,1995-2000,70
Morocco,Female,1990-1995,68
Morocco,Female,1985-1990,65
Morocco,Male,2000-2005,68
Morocco,Male,1995-2000,66
Morocco,Male,1990-1995,64
Morocco,Male,1985-1990,61
Mozambique,Female,2000-2005,45
Mozambique,Female,1995-2000,48
Mozambique,Female,1990-1995,46
Mozambique,Female,1985-1990,44
Mozambique,Male,2000-2005,43
Mozambique,Male,1995-2000,45
Mozambique,Male,1990-1995,43
Mozambique,Male,1985-1990,41
Myanmar,Female,2000-2005,63
Myanmar,Female,1995-2000,63
Myanmar,Female,1990-1995,62
Myanmar,Female,1985-1990,60
Myanmar,Male,2000-2005,57
Myanmar,Male,1995-2000,58
Myanmar,Male,1990-1995,57
Myanmar,Male,1985-1990,56
Namibia,Female,2000-2005,53
Namibia,Female,1995-2000,61
Namibia,Female,1990-1995,64
Namibia,Female,1985-1990,63
Namibia,Male,2000-2005,50
Namibia,Male,1995-2000,57
Namibia,Male,1990-1995,60
Namibia,Male,1985-1990,59
Nepal,Female,2000-2005,62
Nepal,Female,1995-2000,60
Nepal,Female,1990-1995,56
Nepal,Female,1985-1990,52
Nepal,Male,2000-2005,61
Nepal,Male,1995-2000,59
Nepal,Male,1990-1995,56
Nepal,Male,1985-1990,53
Netherlands,Female,2000-2005,81
Netherlands,Female,1995-2000,81
Netherlands,Female,1990-1995,80
Netherlands,Female,1985-1990,80
Netherlands,Male,2000-2005,76
Netherlands,Male,1995-2000,75
Netherlands,Male,1990-1995,74
Netherlands,Male,1985-1990,74
Netherlands Antilles,Female,2000-2005,79
Netherlands Antilles,Female,1995-2000,78
Netherlands Antilles,Female,1990-1995,78
Netherlands Antilles,Female,1985-1990,78
Netherlands Antilles,Male,2000-2005,71
Netherlands Antilles,Male,1995-2000,71
Netherlands Antilles,Male,1990-1995,72
Netherlands Antilles,Male,1985-1990,71
New Caledonia,Female,2000-2005,79
New Caledonia,Female,1995-2000,76
New Caledonia,Female,1990-1995,75
New Caledonia,Female,1985-1990,73
New Caledonia,Male,2000-2005,72
New Caledonia,Male,1995-2000,70
New Caledonia,Male,1990-1995,69
New Caledonia,Male,1985-1990,67
New Zealand,Female,2000-2005,81
New Zealand,Female,1995-2000,80
New Zealand,Female,1990-1995,79
New Zealand,Female,1985-1990,78
New Zealand,Male,2000-2005,77
New Zealand,Male,1995-2000,75
New Zealand,Male,1990-1995,73
New Zealand,Male,1985-1990,72
Nicaragua,Female,2000-2005,74
Nicaragua,Female,1995-2000,71
Nicaragua,Female,1990-1995,69
Nicaragua,Female,1985-1990,66
Nicaragua,Male,2000-2005,68
Nicaragua,Male,1995-2000,66
Nicaragua,Male,1990-1995,64
Nicaragua,Male,1985-1990,59
Niger,Female,2000-2005,54
Niger,Female,1995-2000,50
Niger,Female,1990-1995,46
Niger,Female,1985-1990,43
Niger,Male,2000-2005,55
Niger,Male,1995-2000,52
Niger,Male,1990-1995,49
Niger,Male,1985-1990,46
Nigeria,Female,2000-2005,47
Nigeria,Female,1995-2000,49
Nigeria,Female,1990-1995,49
Nigeria,Female,1985-1990,48
Nigeria,Male,2000-2005,46
Nigeria,Male,1995-2000,46
Nigeria,Male,1990-1995,46
Nigeria,Male,1985-1990,45
Norway,Female,2000-2005,82
Norway,Female,1995-2000,81
Norway,Female,1990-1995,80
Norway,Female,1985-1990,80
Norway,Male,2000-2005,77
Norway,Male,1995-2000,75
Norway,Male,1990-1995,74
Norway,Male,1985-1990,73
Oman,Female,2000-2005,76
Oman,Female,1995-2000,74
Oman,Female,1990-1995,73
Oman,Female,1985-1990,70
Oman,Male,2000-2005,73
Oman,Male,1995-2000,71
Oman,Male,1990-1995,70
Oman,Male,1985-1990,66
Pakistan,Female,2000-2005,64
Pakistan,Female,1995-2000,62
Pakistan,Female,1990-1995,61
Pakistan,Female,1985-1990,58
Pakistan,Male,2000-2005,63
Pakistan,Male,1995-2000,61
Pakistan,Male,1990-1995,61
Pakistan,Male,1985-1990,58
"Palestinian Territory, Occupied",Female,2000-2005,74
"Palestinian Territory, Occupied",Female,1995-2000,73
"Palestinian Territory, Occupied",Female,1990-1995,71
"Palestinian Territory, Occupied",Female,1985-1990,69
"Palestinian Territory, Occupied",Male,2000-2005,71
"Palestinian Territory, Occupied",Male,1995-2000,69
"Palestinian Territory, Occupied",Male,1990-1995,68
"Palestinian Territory, Occupied",Male,1985-1990,65
Panama,Female,2000-2005,77
Panama,Female,1995-2000,76
Panama,Female,1990-1995,76
Panama,Female,1985-1990,75
Panama,Male,2000-2005,72
Panama,Male,1995-2000,71
Panama,Male,1990-1995,70
Panama,Male,1985-1990,69
Papua New Guinea,Female,2000-2005,60
Papua New Guinea,Female,1995-2000,59
Papua New Guinea,Female,1990-1995,59
Papua New Guinea,Female,1985-1990,57
Papua New Guinea,Male,2000-2005,54
Papua New Guinea,Male,1995-2000,54
Papua New Guinea,Male,1990-1995,53
Papua New Guinea,Male,1985-1990,51
Paraguay,Female,2000-2005,73
Paraguay,Female,1995-2000,72
Paraguay,Female,1990-1995,71
Paraguay,Female,1985-1990,70
Paraguay,Male,2000-2005,69
Paraguay,Male,1995-2000,67
Paraguay,Male,1990-1995,66
Paraguay,Male,1985-1990,65
Peru,Female,2000-2005,72
Peru,Female,1995-2000,71
Peru,Female,1990-1995,69
Peru,Female,1985-1990,67
Peru,Male,2000-2005,68
Peru,Male,1995-2000,66
Peru,Male,1990-1995,64
Peru,Male,1985-1990,62
Philippines,Female,2000-2005,72
Philippines,Female,1995-2000,71
Philippines,Female,1990-1995,69
Philippines,Female,1985-1990,66
Philippines,Male,2000-2005,68
Philippines,Male,1995-2000,67
Philippines,Male,1990-1995,65
Philippines,Male,1985-1990,62
Poland,Female,2000-2005,79
Poland,Female,1995-2000,77
Poland,Female,1990-1995,76
Poland,Female,1985-1990,75
Poland,Male,2000-2005,70
Poland,Male,1995-2000,69
Poland,Male,1990-1995,67
Poland,Male,1985-1990,67
Portugal,Female,2000-2005,80
Portugal,Female,1995-2000,79
Portugal,Female,1990-1995,78
Portugal,Female,1985-1990,77
Portugal,Male,2000-2005,74
Portugal,Male,1995-2000,72
Portugal,Male,1990-1995,71
Portugal,Male,1985-1990,70
Puerto Rico,Female,2000-2005,82
Puerto Rico,Female,1995-2000,80
Puerto Rico,Female,1990-1995,79
Puerto Rico,Female,1985-1990,79
Puerto Rico,Male,2000-2005,74
Puerto Rico,Male,1995-2000,70
Puerto Rico,Male,1990-1995,70
Puerto Rico,Male,1985-1990,71
Qatar,Female,2000-2005,75
Qatar,Female,1995-2000,74
Qatar,Female,1990-1995,73
Qatar,Female,1985-1990,71
Qatar,Male,2000-2005,74
Qatar,Male,1995-2000,71
Qatar,Male,1990-1995,68
Qatar,Male,1985-1990,67
Republic of Moldova,Female,2000-2005,71
Republic of Moldova,Female,1995-2000,70
Republic of Moldova,Female,1990-1995,71
Republic of Moldova,Female,1985-1990,71
Republic of Moldova,Male,2000-2005,64
Republic of Moldova,Male,1995-2000,63
Republic of Moldova,Male,1990-1995,64
Republic of Moldova,Male,1985-1990,64
Reunion,Female,2000-2005,80
Reunion,Female,1995-2000,79
Reunion,Female,1990-1995,78
Reunion,Female,1985-1990,77
Reunion,Male,2000-2005,72
Reunion,Male,1995-2000,71
Reunion,Male,1990-1995,69
Reunion,Male,1985-1990,67
Romania,Female,2000-2005,75
Romania,Female,1995-2000,74
Romania,Female,1990-1995,73
Romania,Female,1985-1990,73
Romania,Male,2000-2005,68
Romania,Male,1995-2000,66
Romania,Male,1990-1995,66
Romania,Male,1985-1990,67
Russian Federation,Female,2000-2005,72
Russian Federation,Female,1995-2000,72
Russian Federation,Female,1990-1995,73
Russian Federation,Female,1985-1990,74
Russian Federation,Male,2000-2005,58
Russian Federation,Male,1995-2000,60
Russian Federation,Male,1990-1995,61
Russian Federation,Male,1985-1990,64
Rwanda,Female,2000-2005,45
Rwanda,Female,1995-2000,39
Rwanda,Female,1990-1995,25
Rwanda,Female,1985-1990,46
Rwanda,Male,2000-2005,42
Rwanda,Male,1995-2000,34
Rwanda,Male,1990-1995,22
Rwanda,Male,1985-1990,42
Sahrawi,Female,2000-2005,66
Sahrawi,Female,1995-2000,63
Sahrawi,Female,1990-1995,61
Sahrawi,Female,1985-1990,58
Sahrawi,Male,2000-2005,62
Sahrawi,Male,1995-2000,60
Sahrawi,Male,1990-1995,57
Sahrawi,Male,1985-1990,55
Saint Lucia,Female,2000-2005,74
Saint Lucia,Female,1995-2000,73
Saint Lucia,Female,1990-1995,74
Saint Lucia,Female,1985-1990,74
Saint Lucia,Male,2000-2005,71
Saint Lucia,Male,1995-2000,70
Saint Lucia,Male,1990-1995,69
Saint Lucia,Male,1985-1990,68
Samoa,Female,2000-2005,74
Samoa,Female,1995-2000,72
Samoa,Female,1990-1995,70
Samoa,Female,1985-1990,67
Samoa,Male,2000-2005,67
Samoa,Male,1995-2000,65
Samoa,Male,1990-1995,63
Samoa,Male,1985-1990,61
Sao Tome and Principe,Female,2000-2005,66
Sao Tome and Principe,Female,1995-2000,65
Sao Tome and Principe,Female,1990-1995,64
Sao Tome and Principe,Female,1985-1990,63
Sao Tome and Principe,Male,2000-2005,63
Sao Tome and Principe,Male,1995-2000,62
Sao Tome and Principe,Male,1990-1995,61
Sao Tome and Principe,Male,1985-1990,60
Saudi Arabia,Female,2000-2005,74
Saudi Arabia,Female,1995-2000,73
Saudi Arabia,Female,1990-1995,71
Saudi Arabia,Female,1985-1990,68
Saudi Arabia,Male,2000-2005,70
Saudi Arabia,Male,1995-2000,69
Saudi Arabia,Male,1990-1995,67
Saudi Arabia,Male,1985-1990,65
Senegal,Female,2000-2005,64
Senegal,Female,1995-2000,62
Senegal,Female,1990-1995,60
Senegal,Female,1985-1990,57
Senegal,Male,2000-2005,60
Senegal,Male,1995-2000,59
Senegal,Male,1990-1995,57
Senegal,Male,1985-1990,55
Serbia,Female,2000-2005,76
Serbia,Female,1995-2000,75
Serbia,Female,1990-1995,74
Serbia,Female,1985-1990,74
Serbia,Male,2000-2005,71
Serbia,Male,1995-2000,70
Serbia,Male,1990-1995,69
Serbia,Male,1985-1990,69
Sierra Leone,Female,2000-2005,43
Sierra Leone,Female,1995-2000,42
Sierra Leone,Female,1990-1995,40
Sierra Leone,Female,1985-1990,41
Sierra Leone,Male,2000-2005,39
Sierra Leone,Male,1995-2000,38
Sierra Leone,Male,1990-1995,37
Sierra Leone,Male,1985-1990,39
Singapore,Female,2000-2005,81
Singapore,Female,1995-2000,79
Singapore,Female,1990-1995,78
Singapore,Female,1985-1990,76
Singapore,Male,2000-2005,77
Singapore,Male,1995-2000,75
Singapore,Male,1990-1995,74
Singapore,Male,1985-1990,71
Slovakia,Female,2000-2005,78
Slovakia,Female,1995-2000,77
Slovakia,Female,1990-1995,76
Slovakia,Female,1985-1990,75
Slovakia,Male,2000-2005,70
Slovakia,Male,1995-2000,69
Slovakia,Male,1990-1995,68
Slovakia,Male,1985-1990,67
Slovenia,Female,2000-2005,80
Slovenia,Female,1995-2000,79
Slovenia,Female,1990-1995,77
Slovenia,Female,1985-1990,77
Slovenia,Male,2000-2005,73
Slovenia,Male,1995-2000,71
Slovenia,Male,1990-1995,70
Slovenia,Male,1985-1990,68
Solomon Islands,Female,2000-2005,63
Solomon Islands,Female,1995-2000,61
Solomon Islands,Female,1990-1995,59
Solomon Islands,Female,1985-1990,56
Solomon Islands,Male,2000-2005,62
Solomon Islands,Male,1995-2000,60
Solomon Islands,Male,1990-1995,58
Solomon Islands,Male,1985-1990,56
Somalia,Female,2000-2005,47
Somalia,Female,1995-2000,45
Somalia,Female,1990-1995,41
Somalia,Female,1985-1990,46
Somalia,Male,2000-2005,45
Somalia,Male,1995-2000,43
Somalia,Male,1990-1995,38
Somalia,Male,1985-1990,43
South Africa,Female,2000-2005,56
South Africa,Female,1995-2000,64
South Africa,Female,1990-1995,66
South Africa,Female,1985-1990,65
South Africa,Male,2000-2005,51
South Africa,Male,1995-2000,57
South Africa,Male,1990-1995,58
South Africa,Male,1985-1990,57
Spain,Female,2000-2005,83
Spain,Female,1995-2000,82
Spain,Female,1990-1995,81
Spain,Female,1985-1990,80
Spain,Male,2000-2005,77
Spain,Male,1995-2000,75
Spain,Male,1990-1995,74
Spain,Male,1985-1990,73
Sri Lanka,Female,2000-2005,75
Sri Lanka,Female,1995-2000,74
Sri Lanka,Female,1990-1995,74
Sri Lanka,Female,1985-1990,73
Sri Lanka,Male,2000-2005,67
Sri Lanka,Male,1995-2000,67
Sri Lanka,Male,1990-1995,68
Sri Lanka,Male,1985-1990,66
St Vincent and the Grenadines,Female,2000-2005,73
St Vincent and the Grenadines,Female,1995-2000,73
St Vincent and the Grenadines,Female,1990-1995,72
St Vincent and the Grenadines,Female,1985-1990,71
St Vincent and the Grenadines,Male,2000-2005,68
St Vincent and the Grenadines,Male,1995-2000,68
St Vincent and the Grenadines,Male,1990-1995,67
St Vincent and the Grenadines,Male,1985-1990,66
Sudan,Female,2000-2005,58
Sudan,Female,1995-2000,57
Sudan,Female,1990-1995,55
Sudan,Female,1985-1990,53
Sudan,Male,2000-2005,55
Sudan,Male,1995-2000,54
Sudan,Male,1990-1995,52
Sudan,Male,1985-1990,50
Suriname,Female,2000-2005,72
Suriname,Female,1995-2000,72
Suriname,Female,1990-1995,71
Suriname,Female,1985-1990,71
Suriname,Male,2000-2005,66
Suriname,Male,1995-2000,66
Suriname,Male,1990-1995,66
Suriname,Male,1985-1990,66
Swaziland,Female,2000-2005,45
Swaziland,Female,1995-2000,57
Swaziland,Female,1990-1995,61
Swaziland,Female,1985-1990,60
Swaziland,Male,2000-2005,43
Swaziland,Male,1995-2000,52
Swaziland,Male,1990-1995,56
Swaziland,Male,1985-1990,56
Sweden,Female,2000-2005,82
Sweden,Female,1995-2000,82
Sweden,Female,1990-1995,81
Sweden,Female,1985-1990,80
Sweden,Male,2000-2005,78
Sweden,Male,1995-2000,77
Sweden,Male,1990-1995,75
Sweden,Male,1985-1990,74
Switzerland,Female,2000-2005,83
Switzerland,Female,1995-2000,82
Switzerland,Female,1990-1995,81
Switzerland,Female,1985-1990,81
Switzerland,Male,2000-2005,78
Switzerland,Male,1995-2000,76
Switzerland,Male,1990-1995,75
Switzerland,Male,1985-1990,74
Syria,Female,2000-2005,75
Syria,Female,1995-2000,73
Syria,Female,1990-1995,71
Syria,Female,1985-1990,69
Syria,Male,2000-2005,71
Syria,Male,1995-2000,70
Syria,Male,1990-1995,68
Syria,Male,1985-1990,65
Tajikistan,Female,2000-2005,69
Tajikistan,Female,1995-2000,67
Tajikistan,Female,1990-1995,66
Tajikistan,Female,1985-1990,66
Tajikistan,Male,2000-2005,63
Tajikistan,Male,1995-2000,62
Tajikistan,Male,1990-1995,61
Tajikistan,Male,1985-1990,61
Tanzania,Female,2000-2005,51
Tanzania,Female,1995-2000,50
Tanzania,Female,1990-1995,52
Tanzania,Female,1985-1990,53
Tanzania,Male,2000-2005,49
Tanzania,Male,1995-2000,47
Tanzania,Male,1990-1995,49
Tanzania,Male,1985-1990,50
Thailand,Female,2000-2005,74
Thailand,Female,1995-2000,73
Thailand,Female,1990-1995,71
Thailand,Female,1985-1990,70
Thailand,Male,2000-2005,64
Thailand,Male,1995-2000,63
Thailand,Male,1990-1995,64
Thailand,Male,1985-1990,63
Timor Leste,Female,2000-2005,59
Timor Leste,Female,1995-2000,55
Timor Leste,Female,1990-1995,50
Timor Leste,Female,1985-1990,44
Timor Leste,Male,2000-2005,58
Timor Leste,Male,1995-2000,54
Timor Leste,Male,1990-1995,48
Timor Leste,Male,1985-1990,43
Togo,Female,2000-2005,60
Togo,Female,1995-2000,61
Togo,Female,1990-1995,60
Togo,Female,1985-1990,59
Togo,Male,2000-2005,56
Togo,Male,1995-2000,56
Togo,Male,1990-1995,56
Togo,Male,1985-1990,55
Tonga,Female,2000-2005,73
Tonga,Female,1995-2000,72
Tonga,Female,1990-1995,71
Tonga,Female,1985-1990,71
Tonga,Male,2000-2005,71
Tonga,Male,1995-2000,70
Tonga,Male,1990-1995,69
Tonga,Male,1985-1990,68
Trinidad and Tobago,Female,2000-2005,71
Trinidad and Tobago,Female,1995-2000,72
Trinidad and Tobago,Female,1990-1995,73
Trinidad and Tobago,Female,1985-1990,72
Trinidad and Tobago,Male,2000-2005,67
Trinidad and Tobago,Male,1995-2000,67
Trinidad and Tobago,Male,1990-1995,68
Trinidad and Tobago,Male,1985-1990,67
Tunisia,Female,2000-2005,75
Tunisia,Female,1995-2000,74
Tunisia,Female,1990-1995,72
Tunisia,Female,1985-1990,69
Tunisia,Male,2000-2005,71
Tunisia,Male,1995-2000,70
Tunisia,Male,1990-1995,68
Tunisia,Male,1985-1990,65
Turkey,Female,2000-2005,73
Turkey,Female,1995-2000,71
Turkey,Female,1990-1995,69
Turkey,Female,1985-1990,65
Turkey,Male,2000-2005,69
Turkey,Male,1995-2000,67
Turkey,Male,1990-1995,64
Turkey,Male,1985-1990,61
Turkmenistan,Female,2000-2005,67
Turkmenistan,Female,1995-2000,67
Turkmenistan,Female,1990-1995,68
Turkmenistan,Female,1985-1990,66
Turkmenistan,Male,2000-2005,58
Turkmenistan,Male,1995-2000,59
Turkmenistan,Male,1990-1995,59
Turkmenistan,Male,1985-1990,59
Uganda,Female,2000-2005,48
Uganda,Female,1995-2000,46
Uganda,Female,1990-1995,51
Uganda,Female,1985-1990,53
Uganda,Male,2000-2005,47
Uganda,Male,1995-2000,44
Uganda,Male,1990-1995,47
Uganda,Male,1985-1990,50
Ukraine,Female,2000-2005,73
Ukraine,Female,1995-2000,73
Ukraine,Female,1990-1995,74
Ukraine,Female,1985-1990,74
Ukraine,Male,2000-2005,62
Ukraine,Male,1995-2000,62
Ukraine,Male,1990-1995,64
Ukraine,Male,1985-1990,66
United Arab Emirates,Female,2000-2005,80
United Arab Emirates,Female,1995-2000,79
United Arab Emirates,Female,1990-1995,76
United Arab Emirates,Female,1985-1990,74
United Arab Emirates,Male,2000-2005,76
United Arab Emirates,Male,1995-2000,75
United Arab Emirates,Male,1990-1995,72
United Arab Emirates,Male,1985-1990,70
United Kingdom,Female,2000-2005,81
United Kingdom,Female,1995-2000,80
United Kingdom,Female,1990-1995,79
United Kingdom,Female,1985-1990,78
United Kingdom,Male,2000-2005,76
United Kingdom,Male,1995-2000,75
United Kingdom,Male,1990-1995,74
United Kingdom,Male,1985-1990,72
United States of America,Female,2000-2005,80
United States of America,Female,1995-2000,79
United States of America,Female,1990-1995,79
United States of America,Female,1985-1990,78
United States of America,Male,2000-2005,75
United States of America,Male,1995-2000,74
United States of America,Male,1990-1995,72
United States of America,Male,1985-1990,72
United States Virgin Islands,Female,2000-2005,83
United States Virgin Islands,Female,1995-2000,81
United States Virgin Islands,Female,1990-1995,80
United States Virgin Islands,Female,1985-1990,78
United States Virgin Islands,Male,2000-2005,75
United States Virgin Islands,Male,1995-2000,73
United States Virgin Islands,Male,1990-1995,72
United States Virgin Islands,Male,1985-1990,70
Uruguay,Female,2000-2005,79
Uruguay,Female,1995-2000,78
Uruguay,Female,1990-1995,77
Uruguay,Female,1985-1990,76
Uruguay,Male,2000-2005,72
Uruguay,Male,1995-2000,70
Uruguay,Male,1990-1995,69
Uruguay,Male,1985-1990,69
Uzbekistan,Female,2000-2005,70
Uzbekistan,Female,1995-2000,70
Uzbekistan,Female,1990-1995,69
Uzbekistan,Female,1985-1990,70
Uzbekistan,Male,2000-2005,63
Uzbekistan,Male,1995-2000,63
Uzbekistan,Male,1990-1995,63
Uzbekistan,Male,1985-1990,64
Vanuatu,Female,2000-2005,70
Vanuatu,Female,1995-2000,68
Vanuatu,Female,1990-1995,66
Vanuatu,Female,1985-1990,64
Vanuatu,Male,2000-2005,67
Vanuatu,Male,1995-2000,65
Vanuatu,Male,1990-1995,63
Vanuatu,Male,1985-1990,61
Venezuela,Female,2000-2005,76
Venezuela,Female,1995-2000,75
Venezuela,Female,1990-1995,74
Venezuela,Female,1985-1990,74
Venezuela,Male,2000-2005,70
Venezuela,Male,1995-2000,69
Venezuela,Male,1990-1995,69
Venezuela,Male,1985-1990,68
Vietnam,Female,2000-2005,75
Vietnam,Female,1995-2000,72
Vietnam,Female,1990-1995,70
Vietnam,Female,1985-1990,65
Vietnam,Male,2000-2005,71
Vietnam,Male,1995-2000,69
Vietnam,Male,1990-1995,66
Vietnam,Male,1985-1990,61
Yemen,Female,2000-2005,62
Yemen,Female,1995-2000,59
Yemen,Female,1990-1995,56
Yemen,Female,1985-1990,53
Yemen,Male,2000-2005,59
Yemen,Male,1995-2000,57
Yemen,Male,1990-1995,55
Yemen,Male,1985-1990,52
Zambia,Female,2000-2005,39
Zambia,Female,1995-2000,42
Zambia,Female,1990-1995,49
Zambia,Female,1985-1990,53
Zambia,Male,2000-2005,39
Zambia,Male,1995-2000,39
Zambia,Male,1990-1995,44
Zambia,Male,1985-1990,49
Zimbabwe,Female,2000-2005,40
Zimbabwe,Female,1995-2000,49
Zimbabwe,Female,1990-1995,63
Zimbabwe,Female,1985-1990,64
Zimbabwe,Male,2000-2005,40
Zimbabwe,Male,1995-2000,45
Zimbabwe,Male,1990-1995,58
Zimbabwe,Male,1985-1990,60